"Condition","true_P","true_Q","analysis_P","analysis_Q","Test","Statistical_Power","SE","Lower_CI","Upper_CI","N_Valid","N_Failed","Failure_Rate"
"P3_Q3",3,3,4,4,"Andersen_LR",0.061,0.0076,0.0462,0.0758,1000,0,0
"P3_Q3",3,3,4,4,"Martin_Lof",0,0,0,0,1000,0,0
"P3_Q3",3,3,4,4,"LMuo",0.003,0.0017,-4e-04,0.0064,1000,0,0
"P3_Q3",3,3,4,4,"maxLM",0.004,0.002,1e-04,0.0079,1000,0,0
"P3_Q3",3,3,4,4,"T10",0.062,0.0076,0.0471,0.0769,1000,0,0
"P3_Q3",3,3,4,4,"T11",0.344,0.015,0.3146,0.3734,1000,0,0
"P3_Q3",3,3,4,4,"M2",0.386,0.0154,0.3558,0.4162,1000,0,0
"P3_Q3",3,3,4,4,"REMAXINT_trueP3_Q3_analP4_Q4",0.288,0.0143,0.2599,0.3161,1000,0,0
"P3_Q3",3,3,4,4,"E_REMI_trueP3_Q3_analP4_Q4",0.267,0.014,0.2396,0.2944,1000,0,0
