"V1","V2","V3","V4","V5","V6","V7","V8","V9","V10","V11","V12","V13","V14","V15","V16"
-0.249188862,0.378473107,0.859174445,-0.820107442,-0.107601016,-1.012956257,2.18654945,0.387318518,-0.574727071,0.57411673,0.936281869,-0.244891908,-0.991430756,0.163228356,1.053049051,-0.021194323
-0.625711205,0.015428909,-0.083501841,0.361693845,-0.526005227,0.693890493,0.665862787,0.804149929,-0.58834736,1.184178495,-0.077339959,0.454404172,0.418442694,1.274901181,0.079635216,0.041608892
-0.730426763,-0.132432095,-0.439223935,0.284047888,-0.544086406,-0.284942568,1.372061221,1.799776939,-0.125429651,-0.932241271,-0.076484029,-1.608964517,0.586148447,0.523322212,-0.503097417,0.972285939
1.061197625,0.22543428,-0.538489939,0.119284596,1.471551055,-0.809244019,0.356412413,1.349949458,0.009146376,-1.343177901,0.909988221,0.145165098,-0.21129383,0.842885591,-0.669888742,0.869509057
-0.493295495,-0.28455911,-0.105601812,0.058532286,-1.123462323,0.149704305,1.320716112,-0.121926084,-0.561767741,-0.815327864,-0.080922818,-0.127322922,-0.815426953,-0.473699259,-0.019677532,-0.241000756
-0.742809166,0.301691805,-0.422258571,0.922927928,-0.080791429,-0.534245783,1.595408349,-0.413929442,-0.208300663,-0.211963652,-0.08424062,-1.683196719,-0.008236807,-0.912535443,-0.047068831,0.287261714
-0.896994176,-0.616672983,0.133489236,0.277506453,-0.177314854,-0.478632274,-1.383271907,1.241492774,1.098330703,-0.893875941,0.889344504,-1.683196719,0.225862,-0.888582138,-0.58303083,0.95457918
0.046223103,0.112709853,-0.575665723,-1.212421399,-0.158071179,-0.132983259,1.210776559,1.680177335,-0.178403039,-0.58298228,-0.581913749,1.411139465,-0.658671299,-0.626325461,-0.044557889,-0.784663029
-0.684575377,-0.507084351,1.581800418,-1.480464054,-0.568078996,0.82178659,1.619207241,-0.62760832,-0.408535812,-0.617444396,0.033265344,-1.614438309,-0.952231305,1.286308287,-0.122379931,-0.592139905
0.503834853,2.335304452,-1.457066569,1.474150581,0.561779711,-1.017172098,1.959059213,2.868968903,0.170100698,0.129034785,-0.544829868,-0.0106142,0.135375561,0.565971756,-0.647767636,-0.68252978
0.165159345,-1.736888872,0.778550081,-0.548490661,-0.223556995,0.27068564,-0.464950646,0.793933798,1.166211359,-0.807692772,-0.587275943,1.508035988,-0.261930824,-1.424843221,0.155226218,-2.470393424
-1.097924552,-0.085787397,-0.887342422,1.117696894,-1.259966223,-0.102888949,1.370082737,0.541713905,-0.832429252,1.643439656,-0.549367172,1.388402348,-0.659797403,-1.708647672,-0.104843776,-0.708942997
-0.546091714,-0.528117722,-0.429282411,0.357213256,-1.046858444,0.449840812,1.25079197,0.536704386,-0.237361172,-0.258648078,0.986399267,-0.92918305,1.202966728,2.12038159,1.168308989,-0.765000415
-0.138822703,1.148433046,-0.454360912,1.170090572,0.464568651,0.199816336,0.394281337,1.005514157,1.555958149,-3.216931135,-0.042085448,-1.680129544,1.126526482,-1.880398527,0.087365759,-0.746784423
2.327449134,-1.676424423,1.57941669,-0.763702401,1.150718055,-1.224291918,0.180575188,2.292000647,0.663806638,-0.131118637,-0.585996918,-0.125436982,1.259560259,-0.856956913,-0.03263744,-0.768053171
0.11663551,0.973400654,-0.585342788,1.018413169,0.635985529,0.530519117,0.240395719,1.403743843,0.18941946,-0.111447535,-0.071350582,-0.005998745,0.172181485,1.44748594,-0.599194248,0.955142253
0.428134392,-0.001804295,-0.276105458,-0.049331257,0.405614519,1.67368063,1.967481523,0.531187126,-0.410394869,-0.025857648,-0.016801443,-1.576650507,-1.14848531,0.640159574,-0.648626636,-0.645240286
-0.636071708,-0.45395105,0.068793459,0.094119849,-0.199651902,-0.169442303,1.311494096,1.292589348,0.490817075,-0.842959135,-0.58395007,-0.13609981,1.145555213,-1.231884769,-0.592527374,0.954665717
-0.079899726,0.093450369,0.703679218,0.012538601,0.257914732,-0.00694997,-0.339544527,1.628071491,-0.09304361,2.335191758,3.859431475,-0.764965526,0.081394463,0.425086055,2.088419053,-0.351990946
-0.65565481,0.582519134,0.674960472,-0.485331312,0.149028627,-0.123944842,0.926390536,1.775254056,1.296202735,0.34778279,1.404114029,-1.070605747,2.770426687,0.023778068,1.628835826,0.446846289
-0.161969881,-1.005005282,0.419991183,-0.63511597,-1.530492339,0.322615145,0.300973842,1.03700385,0.996350312,0.261650745,-0.503557693,1.455387508,1.268430021,-0.000653095,-0.668121702,1.080063111
2.551799003,-1.302473425,2.608757157,-1.430734533,-0.862317145,-0.777815304,0.410384848,1.139458513,0.666887299,-0.009887218,0.506129965,-1.567034557,1.26309128,0.160636664,-0.078036527,0.163079768
-0.891607853,0.734719961,-0.693790865,1.206307308,-0.083104402,-2.26596283,1.526635269,0.722639616,-1.033601149,0.433428204,-0.582875867,-0.140309125,-0.979693803,-0.81291649,-0.598020283,-0.76773727
-1.092863548,0.099306266,-0.612060095,1.359175873,-1.011835586,-0.214368192,0.443588322,1.388396044,-0.668044226,0.084440397,-0.043467706,-0.146709398,-0.948093904,-1.415982257,-0.040665154,-0.147616993
-0.081578355,0.280980169,0.583309505,0.177242278,0.797811011,-1.517768788,1.099728924,1.640203528,0.364694454,0.254754487,-0.066930201,-1.645130561,1.17947705,-1.141434768,0.198654474,-2.484757545
0.590459586,1.277593266,0.214108553,-0.103748709,-0.600217202,-0.500972154,1.090147525,1.278479808,-0.876670411,0.184312502,-0.086731882,-0.106912676,-0.312690172,0.667010088,-0.557978408,-0.765694487
0.16039739,0.330423065,0.365209619,0.000265389,-0.298142152,0.208178757,1.20493434,0.348731159,-0.328552885,-1.212373985,-0.035153996,0.324195859,-0.322607796,-0.051262158,-0.640599471,0.969768765
-0.859598628,-0.940625184,-0.654945165,-0.511801827,-1.519506644,-0.256552094,-1.248417067,1.488811456,-0.044007884,0.394545003,0.433890867,-0.516947873,0.02791591,-0.672915761,0.082812978,0.235009723
-0.416324343,-0.3268589,-0.302510805,-0.955567154,-1.608148523,-0.231218791,-0.052150962,1.250469911,-0.859630365,1.08915194,-0.586851459,1.513820577,-1.029361773,-0.39721087,-0.489929594,0.977396056
0.6347818,0.156961874,1.702610762,-0.825483204,0.066856733,0.394200493,1.66398118,0.39435535,-0.357994705,0.417946169,-0.500663301,-0.086677304,-0.072377754,-0.082609678,-0.665276972,1.087493921
-1.428321526,-0.625299715,-0.432152162,0.582159371,-1.21423363,0.952233652,1.387620555,-0.077302481,-0.223626299,0.795096377,-0.512987452,-0.124128541,-0.417771118,1.932706448,-0.672276995,1.059932588
-0.042665617,1.415668933,-0.800733272,0.615975605,-0.445303179,0.640957563,1.378651272,0.984634289,-0.93007825,0.62212288,0.00193711,-1.614438309,-0.169423878,1.574454903,-0.65834193,1.096173282
-0.64316808,-0.809641952,-0.842983399,-4.961136312,-0.553069268,-0.157944213,1.626636176,-0.001976284,-1.056793379,-0.568525059,-0.562718466,-0.167789103,-1.037406868,0.374183587,-0.090632468,-2.469135347
-0.898591652,0.726808778,-0.429311985,1.014133729,-0.309373268,-0.82517702,0.831251864,1.443962099,-1.377781271,1.570917357,-0.527491414,-0.147662376,-1.345947197,0.982903175,-0.672632644,-0.69007274
-0.700680466,0.647967466,-1.230437972,1.452358361,-0.404661583,0.324222371,1.592488617,1.456238629,-0.129099811,1.011399751,-0.499015573,-0.071907538,-0.05272121,-0.590548492,-0.661577182,1.093605892
1.221713243,-0.403863808,0.958519639,-0.589325025,1.07186471,-1.064619451,-0.139708867,1.668868171,0.23325739,0.017477973,1.001856165,-1.601085938,-0.291748533,-0.239553198,-0.085256192,0.194484258
1.185436133,0.629274802,0.772023888,-1.073154816,-0.048461409,1.53112865,1.956571361,1.193415273,1.729678869,0.08866357,-0.054400022,0.021720751,0.698120176,-0.225675373,1.12941837,-2.468690997
-0.153213426,-0.246062972,-0.562408197,-0.245123702,-1.073447831,1.20837326,0.942545162,0.423658155,0.138304695,-0.001790454,-0.501367073,1.46436146,-0.404114385,-0.516359406,-0.666135986,-0.637226565
-1.513577862,-0.43055148,-0.081119599,0.136967353,-1.481057987,0.194632478,1.459118372,0.168142226,-1.196295271,0.937541036,-0.532023988,-0.153016076,-1.109338669,1.034708999,-0.671635386,1.024705867
0.583109975,1.97688545,-2.030325074,1.994425726,-0.813316462,0.497483807,1.972315499,0.359553921,-1.566895915,-1.492241117,0.27802404,-0.582227039,-1.810549139,-0.242201452,-0.69223512,0.757256497
0.390475632,-0.678383812,-0.882517411,0.164224473,-1.091417031,-1.600741173,2.257671689,4.138855653,-1.519315051,1.075845011,-0.596393773,-0.013099548,-1.799038881,0.245918391,-0.108409307,-2.48324906
1.233119793,0.060475239,-0.259195621,0.213562746,-0.103260741,-0.102966559,0.338576997,1.268015064,0.672095401,-1.057096868,-0.032040206,-1.709063575,0.066393683,-0.463678624,0.422098782,-2.42302857
-0.875461319,1.851295171,-0.655450363,0.034904121,-1.518310226,0.480243611,2.159376551,0.140244071,-0.383186363,0.437135928,-0.62599926,1.533703328,0.315218133,-0.583868971,0.431422118,-0.096358893
0.128830948,1.186199248,-0.628878643,1.262841889,0.366438622,-0.168464248,0.668485118,2.086551286,-0.23309494,0.627294211,0.915539184,-1.617976649,1.268372932,-0.241745949,0.023864722,0.493495076
-0.007744575,-0.841159663,-0.543919204,-0.480087304,0.267863702,0.095293859,1.429539082,1.213079364,0.195985604,-1.823527011,0.022465452,-1.615192348,0.192738081,0.043527604,-0.658545573,1.096089479
1.970303753,-1.691919004,1.710251216,-0.809004426,0.878878385,-0.786245078,1.483953128,0.572024184,-0.049323829,-0.152214553,-0.56849345,1.389551166,0.244173061,-0.665451357,0.549196386,-1.376067074
0.65414523,-1.746817434,2.645258788,-1.488030429,-0.053115866,0.599249285,1.440244968,0.774356591,0.377571774,-0.871191748,0.002284445,-0.05511985,0.886737856,0.70066631,-0.114531562,0.393934159
-0.45807478,-0.042399647,-0.318505194,-0.216042544,-0.52594846,0.824157209,1.223927038,0.600561405,-0.792459919,0.541313731,-0.499850923,-0.081427997,-1.146602637,-0.617934084,-0.663999888,-0.632765306
-0.55082807,-0.514886397,0.223565278,-1.252298153,0.091049921,-1.805746889,1.323598891,2.086146747,0.247553332,-0.268672207,-0.499130884,-0.07409629,-0.094210694,-2.2950836,-0.067925879,-0.718679241
-1.479823542,-0.471031443,-0.683140315,0.999518001,-0.008607064,1.349986166,1.437200165,0.673199799,1.811014171,0.483091838,-0.527491414,-0.147662376,2.222610525,-0.609532536,0.399291354,0.184041356
0.213926885,-0.602392308,-0.56869856,0.961096576,-0.11320056,-0.661491799,1.256526263,0.989521344,-1.282205237,0.196490455,-0.055324587,0.338212613,-1.373844244,-0.402442169,0.40877293,-0.162472541
0.197768738,-0.766795217,0.318311318,-0.572048511,0.593560364,-1.646653711,1.055749773,1.895282281,0.552768334,-1.649716582,-0.535850799,-0.156920755,1.224056986,-1.132168785,-0.670387293,1.018123411
-1.619656765,0.83220993,-0.712045009,0.216659258,-0.991456347,0.216902064,1.251936109,0.13125,0.437170567,-0.882883287,-0.541501666,1.39300628,-0.266273332,-0.669796564,-0.098368184,-2.43686559
0.06341501,-2.056528737,0.460199781,-1.015312907,-0.462710587,-0.651656643,1.373634523,2.42352301,-0.024314171,0.057905889,-0.017754035,-1.585760333,1.733203063,-0.80453372,1.022817682,-0.353340094
-0.322971163,0.097235484,-0.651907468,0.642468722,-0.19273065,0.504045471,0.396392088,1.245397842,-0.429164936,0.050670336,0.006957385,-1.722802929,-0.3845227,1.082400083,-0.103940621,0.143324063
1.312152638,-1.024228465,2.185006381,-1.104703119,1.811549443,-0.233835641,0.204554725,1.294401299,0.038789978,0.334650421,0.499313495,-0.533024727,0.329589307,-0.952506432,-0.65369795,1.094632323
-1.53861196,0.662771304,-0.915928608,1.464373829,0.956038777,-1.161663226,0.500884703,2.505344087,-0.982553037,-0.397192901,0.00751145,-1.699151079,-0.982149682,-1.027710184,-0.672955564,-0.685711603
-0.618505492,0.498486474,-0.029543273,-0.284660637,-0.786723304,1.635573773,1.411091218,0.035775638,-0.873882169,0.247944953,-0.547133452,-0.165232182,-0.697332408,0.603206226,-0.664347291,0.999577168
-2.196919485,2.144956413,-0.085347537,0.417061267,-1.735749486,1.071532978,1.179097249,0.152715434,-1.503111952,0.313241474,3.548712591,-0.265332453,-1.363088031,0.475645724,2.612259628,-0.56429107
1.558333755,-1.286789362,1.157310243,-0.915996361,-0.599785655,0.759232392,1.920270948,-1.261597637,-0.849228455,-0.46983019,-0.498938184,-0.069036747,-1.180210018,-0.779078397,-0.660824948,-0.628336061
-0.229676669,-0.705093155,-0.872751488,0.777034203,0.088570787,0.159533772,0.668522286,0.296340221,-1.331317886,0.000374801,0.566193843,-1.620111011,0.510934397,0.92150113,-0.659865632,1.09528738
-0.711639325,-0.860190784,-0.023955264,-1.081673752,-1.499595598,0.188124322,0.022132508,1.182392738,0.397966954,0.244878084,-0.543274878,1.391757775,-0.169685253,1.096099309,-0.141182304,-0.127920639
-0.719483925,-1.439787231,1.706856464,-1.09502401,-0.647354029,0.082761375,1.33460481,0.076455849,0.755915028,-0.212160411,-0.511717307,1.433251372,0.417503831,0.20002673,0.491196195,0.063168722
0.269284874,-0.989193033,0.108705939,-0.107597105,3.107992565,-0.888292129,0.888699629,1.393661433,0.898586924,-0.900171593,-0.501922484,-0.046316621,0.594114351,1.296942212,-0.073119247,0.744471263
-0.994267196,2.40983856,-1.052914581,1.449142098,-1.269450773,-0.44287323,1.411238734,0.457071749,-0.14908728,-0.01480142,-0.504621309,1.451773179,0.240896931,-0.472646189,-0.668863446,1.077588146
-0.945169377,0.106548797,-0.291126567,-0.36111917,-1.737267733,1.400843603,1.727069267,-0.321461871,-0.962733776,0.981983404,0.002319571,-0.03164384,-1.329204112,-0.696787891,-0.650839295,-0.634035201
1.423915254,0.797806085,-0.769912911,0.900243444,1.404417532,0.580713261,1.611348325,0.94283148,-0.677326135,0.298977795,0.02681578,-0.131986399,0.124104327,0.992694727,-0.672962216,1.051910396
-0.056893985,-0.382538405,-0.55972397,-0.087154371,-0.342906621,-1.056732197,1.015870322,2.124862306,-0.990199409,-0.809645024,-0.50556379,1.517407497,-1.224257281,-0.285488005,-0.652283158,1.092407524
0.454285962,-0.263375659,-0.294392803,-1.546563004,-0.053386932,0.872961983,1.665706535,1.535826009,0.448398392,0.299344121,-0.500523862,1.468817028,-0.65538054,-0.615490724,-0.665085045,1.087899997
-0.739583845,0.991093067,-1.146575562,1.287697683,-0.661469722,-0.219464381,1.605643874,0.518386914,1.115255635,0.860532469,-0.50003935,1.500389989,0.630669339,2.024502017,-0.120903394,0.247786425
-0.580228621,0.979610138,-1.388169559,0.362616765,-0.125141147,-2.069487045,1.681094768,2.90818556,-0.970273964,-1.811556841,-0.506533154,-0.035489572,-1.467341588,1.292214405,-0.126161175,-2.354133298
-0.504921624,0.522828305,-1.233084436,0.813185084,-0.882084973,-0.477088056,1.941263282,-1.261708155,-1.462281,0.261298722,0.503456197,-0.047978274,-1.020627562,0.872261696,-0.659318161,1.095673605
0.84541283,0.090208765,-0.78254828,1.218452575,-0.640317483,1.072074611,1.63313618,-0.062368003,0.022602746,-0.243497291,-0.514342072,-0.126850896,-0.404845884,-1.306940885,-0.672560404,-0.665514715
0.893536345,0.585005082,0.301529993,-0.076124756,-0.607438657,-1.069287564,1.796645936,1.058826422,0.302968147,-0.09060216,-0.500851472,-0.05029226,0.087512785,0.783275623,-0.655774307,-0.626545969
1.448335048,-0.076257767,0.614918616,-0.584726353,-0.407297357,1.740990154,-0.381742828,0.765714292,-0.947691004,0.21314988,-0.499440435,-0.077884101,-1.052312873,1.819630419,-0.663112525,-0.6312762
-0.319391617,0.649642677,-0.769050144,1.23201295,-1.405697754,2.022576943,1.712934256,-1.293228208,0.698741178,-0.807354906,-0.532074541,-0.153071269,1.39048166,0.467466541,2.117568646,0.217070187
2.515866919,0.2777539,0.826512616,-1.269878138,0.928339633,0.532007071,1.685403083,0.629367451,-0.530953666,-0.948481476,-0.530434034,-0.014728895,-0.658549876,0.650168212,-0.647541601,-0.661983094
0.104813702,0.392049696,-0.686456628,0.183228382,0.340942429,0.580033251,0.945680609,1.296563659,0.718233384,-0.061304344,1.021186339,0.51921938,2.21268657,1.172401753,3.177043129,-0.137141067
-1.652341943,0.424177281,-0.507617769,0.515114333,-1.287690986,0.37845534,1.042268761,0.378713046,-0.397190255,0.80844646,0.027033924,-1.660501979,0.647559913,-0.972950583,0.493722674,0.03263656
-0.515067165,-0.530407473,-0.5693922,-0.316930029,0.007336386,0.619789629,1.691963813,1.275828652,-0.659454985,-1.118418407,1.015259159,-0.021551039,-0.714367068,0.332334914,1.582805502,-0.419129807
0.402185586,0.289297989,-1.089300727,1.35092926,0.607234889,-1.001453144,1.854956142,-1.216739234,-1.139048318,-0.338548656,0.02276198,-1.624423174,-0.638025221,0.656635788,-0.661007537,1.094244426
-0.61451133,-0.163280069,-0.759666052,0.561193102,-0.815044726,0.268563097,1.454540166,0.361684405,-0.467613884,0.723014144,0.002161547,-1.617300337,-0.24539002,1.123577084,-0.123151232,-2.349738301
-0.061263253,-0.357039933,-0.272072494,-0.358782366,-0.232222189,-1.005618522,1.268784925,1.869554116,0.256010929,-0.858347025,-0.512675413,1.431211563,-0.002163992,-0.266067943,-0.672203148,-0.662213711
0.62012529,-0.441129672,-0.398104622,0.39051249,0.935468678,-1.358599375,0.575382166,1.042970268,1.165516172,-1.223194832,0.069033587,0.72708811,0.244873718,-1.157849902,-0.065076641,0.234303771
-0.452810563,2.153633517,-1.034182748,1.23538103,-1.742310638,1.177650181,1.618585925,-0.426354985,-1.34904639,0.383410054,-0.499051727,1.491406241,-1.597859665,0.564376496,-0.659295379,-0.627080509
0.658479225,-0.067167914,0.150502622,-0.857713519,-0.303476467,1.243284475,1.214477045,0.482901717,-0.9897418,1.113976621,0.024213712,-1.575397609,-0.661630393,0.676378738,-0.040961319,0.130633666
-0.967289464,-1.022529705,-1.345523112,1.499724095,-0.83564542,1.286697481,1.869776142,0.007588299,-0.030463703,-0.361869012,0.532478368,-1.583697914,-0.899044753,-1.121034186,-0.650193338,-0.636351489
-1.20245514,0.874764158,-1.131281648,1.358693904,-1.601548127,-0.421310658,1.259519316,0.961107882,-1.284338895,0.777842299,-0.508160086,1.441629139,-1.676489114,-0.475618536,0.380585492,-2.37571245
0.322424151,0.178817498,-1.24570003,1.560313525,0.015906375,0.138666369,0.577737955,1.411992368,1.343669039,-2.656206166,1.034696247,-1.616623689,0.190176337,0.921738565,0.412992697,-0.037499349
-0.222123494,0.226003606,-0.9695746,1.215483051,-1.203979918,0.231079095,1.704470532,1.005056443,-1.515283405,-0.28741617,-0.001893597,-1.652492781,-1.38660646,-0.75575491,0.520635111,-1.263830941
0.444435286,-1.290852812,0.40360248,-0.480345817,0.613283501,-2.532930112,1.432937404,2.28787493,-0.174060649,0.697167965,-0.520859704,-0.019884865,-0.20248113,0.069929013,-0.648235465,1.073841968
0.00138894,1.055047882,-1.257848601,1.146303404,-1.065402571,1.6653533,2.069895441,-1.270396551,1.219584852,-0.831946632,-0.506189496,-0.036106247,-0.109386394,-1.315886071,-0.651975925,1.091764599
-0.288167717,0.695282001,-0.321274128,0.405918985,0.185801124,-0.296425218,1.596970235,1.229463729,0.002652585,-0.740390729,0.048570155,-1.589098762,0.275261474,-1.049848265,-0.030308807,-0.742005297
-0.87868669,-1.629905032,0.737789357,-0.690309669,-0.46105714,0.503275101,0.712642721,0.112176699,-0.450969566,0.684428761,-0.50734448,1.443770446,-0.474644004,-0.973172193,-0.134399976,-2.373972516
1.080783164,-0.492245867,0.239255919,-0.50988956,-0.308551418,0.596164697,0.83370831,1.801108005,-0.51730906,0.932230257,0.480090341,0.0398923,-0.731284457,-1.408048152,-0.080030046,-0.709915665
-0.495948635,1.032297823,-0.816293131,0.04227273,-0.906231885,1.944819243,0.816455709,0.807363071,0.428347848,-1.846807192,0.051239627,-1.569708185,-0.188555845,0.516185699,0.491355236,-2.383808392
-1.821965215,0.603388707,0.302684747,-0.824529192,0.103992675,-1.153524007,0.3437002,2.167822918,1.052147139,-1.487299447,-0.573415075,-0.00968073,-0.311765393,1.214096419,-0.650910656,0.997612002
0.846396825,0.231759697,-0.614005839,0.391932621,-0.682944039,0.983879073,2.070042564,-0.524979086,-0.573978628,-0.519481824,0.509909557,-1.581716514,-0.735386462,-0.154636341,-0.649725546,-0.638403418
0.913262523,-2.172546003,0.508461588,-0.780433892,0.072327328,-2.164572455,0.589981668,2.737231567,-0.985501195,-0.851351025,-0.524485166,1.537065736,-1.293423474,-0.181653244,0.718833932,-1.299832088
-0.637890412,1.129891009,-1.014356001,1.410597988,-0.334849675,0.229348108,1.521839604,0.852712843,-0.823834365,0.574696943,-0.506045535,1.447402256,-0.970385347,0.772371505,0.013643171,-2.371145801
0.002386264,-0.209474809,-0.359938832,0.338859403,0.371039985,-1.336457266,0.699139693,3.104128554,0.729871866,1.277408603,-0.502033718,-0.093359135,0.260394689,2.081570532,-0.666826984,1.083800695
-0.595674368,-0.831936238,-0.044663422,0.001151231,-0.209562278,-0.441164222,1.44498774,1.460008146,-0.502551792,0.629781152,-0.028506869,-1.71505605,-0.12549551,-0.733178168,-0.668699989,1.011511199
-0.870473718,0.041394462,-1.694072699,1.685124043,0.015689088,-2.257341421,0.828080982,1.224630968,-0.857495642,1.532544445,-0.561164825,1.545491205,-0.947300421,-0.540367067,-0.102542721,-0.706666065
0.614494674,-0.020557357,0.623803968,-0.948327747,2.342928186,-1.573143006,0.807061898,2.375703839,1.062225067,2.187437495,2.020018209,-0.848378709,1.621462343,-0.568066535,0.381119893,0.286377416
1.102465627,0.42622282,0.728638842,0.014219007,-0.204375866,1.97839042,1.408498909,1.258986719,1.456849584,0.861238477,-0.086249249,-1.667719194,0.168783014,0.177506649,-0.564847409,0.956044819
-0.408540959,-0.268276607,-0.017434152,0.104416883,-0.9711548,0.857985783,0.775694863,1.303849536,0.253389554,0.005542464,-0.064128773,-1.681125005,-0.040461128,0.470279212,-0.580516663,0.954661609
-1.181574263,-1.246663373,0.610791509,-0.390546462,-0.808557279,-0.548729366,1.166247454,1.743883315,0.540122627,-0.631211684,0.50320952,-0.580798199,-0.599221689,-0.103677655,1.439911313,-1.653558303
0.249745586,-1.929599519,-0.156174536,-1.084526841,0.968366502,0.838021455,0.346862917,1.906138221,0.024907676,0.006843001,-0.055734434,-1.720759185,-0.490657083,-0.677491318,-0.641847753,0.970691673
-0.656261603,1.800086658,-1.131558256,1.3151924,-0.456787758,1.096898802,1.059470189,0.319285422,-0.344469565,-0.340729638,-0.499134099,1.492761435,-0.794766886,-0.932571583,-0.658931302,-0.62686754
0.43321178,-0.967027129,0.066334436,-0.199302383,-0.264213319,-1.459940633,1.226623798,1.361327876,-0.522999139,1.299079605,-0.514994996,-0.128114598,0.244890616,-0.499568713,-0.672676221,1.05597506
1.740059193,1.119002669,0.934494065,-0.837550804,-0.865808145,0.877566003,1.63579101,0.310953027,-1.117183354,1.17063605,-0.508160086,1.441629139,-0.261119936,0.669752509,-0.670724584,1.069824667
-0.571416394,0.045941056,-1.196111192,1.333529087,-0.513518348,-0.765531399,1.513619959,1.450437791,-0.51235964,-0.199209026,-0.499236646,-0.075590604,-0.53109845,-0.77654203,-0.662528699,1.092364062
0.901495051,-0.418633497,-0.333840212,-0.291162696,3.575130118,-2.666476882,1.300770167,1.152986861,0.815903594,-2.386544089,-0.563528043,-0.167563546,0.720840868,-0.632011584,-0.647316669,0.975297202
0.57765006,-0.169888987,-0.663411735,0.503508322,-0.720194224,0.294154941,1.648691197,-0.17347646,-0.9136675,-0.794822205,-0.58417289,-0.135131656,-0.919461639,-0.933479556,-0.591289535,0.954616717
-0.152308115,-0.189193309,0.259191856,-0.635708587,-0.105579726,0.781778554,1.055439419,0.703181791,1.307589076,-2.303241802,-0.037233769,-1.713983341,0.831481623,0.735852801,2.064102505,-0.45491298
0.905021684,0.515506405,-1.480739598,1.476661126,1.982761461,-1.903137375,1.936833123,1.157345839,-1.140755857,1.696173252,-0.515997845,1.530997954,-0.346768593,0.455203119,-0.648984145,1.080173211
-0.266286034,1.925839877,-1.012932002,1.655081329,0.154457543,0.890082436,1.374668096,0.151480924,0.038402071,0.055496066,-0.515699173,-0.129444453,0.005210479,-0.017400325,-0.672786566,-0.668164215
0.502169106,-0.346329538,1.231955654,-0.739885239,1.203195567,-1.537847929,0.318739775,1.699656209,-0.860854333,0.767624963,-0.510550043,-0.029498029,-0.088879735,-0.176635454,-0.650312129,-0.635885019
0.654246242,-0.157162166,-0.460449216,0.255180041,0.593486948,0.227015845,0.906747789,0.444675221,0.607326484,-1.240626004,0.012186582,-1.617300337,0.541397479,0.428525681,-0.659113232,-0.626969742
-0.170426724,2.069889784,-0.766600735,1.227216621,-0.956371937,-0.884906064,1.423298699,0.841402437,-0.100728139,0.809393635,-0.513341584,-0.124853907,-0.580687745,1.323277874,-0.146701815,-0.663539747
2.234818791,-1.283612405,0.218719081,-1.179921815,1.75395231,-1.053279253,0.991746299,1.093108763,0.498742998,0.494538148,-0.571395902,-0.162742327,0.249859102,-0.193593209,-0.6335596,0.965296777
0.098777409,-0.554961494,1.020774228,-0.539988483,-0.090978431,-0.724054009,1.328010099,1.506077044,0.110781224,-0.185242751,-0.586149956,1.430264255,-0.195539016,0.009405039,-0.578111148,0.954778843
-0.586401929,0.995330577,-0.525246969,0.94152371,-0.052214523,-0.324518889,1.549806886,-0.300361699,-0.945249355,0.444977328,-0.562335133,-0.167881033,-0.864685931,-1.207972756,-0.041579072,-0.221518771
-0.020708531,1.154041566,-0.402047515,0.500196731,-1.170893381,-0.16075539,1.45345849,1.214591541,-0.726348124,0.903850676,-0.533342844,1.40026844,-0.985386304,-0.522479626,-0.077029182,-2.423116423
0.466942294,0.656175632,-0.348442784,0.261641903,-0.188148044,-0.836017978,-2.827387083,1.320378709,0.661131735,-0.567391243,1.04205529,-0.894433751,2.641364081,-1.431396931,0.378199021,0.056251126
-0.684584912,-0.789277832,0.052287081,-0.677272366,-1.790350194,-0.506159425,0.746184665,2.060022843,-1.065257478,-0.632596491,-0.549315346,-0.166268002,-1.263074842,0.117255903,-0.104884386,-2.449391209
-0.427858304,0.04218181,-0.539678611,-0.650295488,-0.981150968,-0.115579875,1.706841378,1.086053431,-0.744838434,1.599452529,-0.62446406,1.53418926,-0.848033994,0.106560927,-0.661551908,0.91831493
2.198272944,-0.623994044,0.528658377,-0.146428912,2.940097343,-0.576615113,0.258094389,1.399485333,0.83430128,-0.370609044,0.937231858,-0.888281116,0.631448975,0.0708881,1.432933456,-0.124912443
-0.954935915,-0.598195693,-0.781882354,0.257680326,-0.435555862,-0.855227126,1.397648101,0.302368548,0.606095765,-0.550564666,-0.724479455,-0.063996185,0.398457326,-0.38165013,-0.69223512,0.757256497
-1.006996074,0.481393008,-0.153814213,0.388607712,-0.648449607,0.610804071,1.309902825,0.567191201,-1.06456743,0.578867837,-0.562718466,-0.167789103,-1.16122225,-0.890145585,-0.112508468,-0.729309674
-0.468312468,1.675347426,-1.583246787,1.81610836,-0.640710241,-0.294277869,1.592896668,0.862842696,-1.715843785,0.220313685,-0.516484147,1.531427453,-1.165266734,1.773235714,-0.648893566,1.079552065
0.873373769,0.899641227,-0.469232942,1.223634865,0.613456137,-0.468140052,1.696581636,-1.305863647,0.597496728,-1.817063904,0.064996265,-1.714365448,0.011059118,-0.441900577,-0.62743743,-0.760512682
-0.734339186,-0.744061136,0.164404544,-0.669424997,-0.103318224,0.411204691,0.857198176,1.623418533,0.633361729,-1.322587166,-0.043739898,0.409366776,0.947957047,1.467704799,0.518747218,-0.332633834
1.892978987,-0.127570278,0.56275038,-1.044360814,1.766552763,0.481966923,0.829648409,1.224062537,-0.591858875,-0.986929491,-0.561902135,-0.167973668,-0.381031513,2.153179599,-0.649593223,0.977527491
-0.340977653,0.08156977,-0.774289016,0.20546831,0.945050934,0.700108734,1.54438186,-0.353279095,-0.065364506,-0.111355506,-0.565820934,1.388012958,-0.304541785,1.192103634,-0.107852454,-0.191190945
1.097732102,-0.348099254,0.726154089,-0.299237985,1.156146575,0.107033901,0.685875296,1.63432507,0.797045668,-0.023898789,0.488104775,-0.13566852,0.266614937,0.136763043,-0.65734136,0.986998079
-1.593629428,1.563776462,-0.495773471,0.29590771,-0.879647596,-0.622493216,0.951355051,1.838186785,-0.19731822,1.789255018,-0.561079357,-0.168117729,-0.261714957,1.129854347,-0.650685253,0.978673775
-1.178245,0.907176169,2.060028748,-0.919337907,-1.534423752,2.137114689,-0.139004449,0.66944755,-0.261245144,-0.591627458,1.884280658,-0.317902992,-0.490826825,0.190337746,0.48746809,0.307664186
0.088530568,-0.679602238,-0.345136196,0.712872174,0.329588278,0.145677335,0.957372304,0.73779908,0.877715108,-1.6488674,-0.065391408,0.362420325,1.285610934,-0.334066411,-0.620669977,0.959633151
-0.259881636,-0.822916408,-0.213664008,-0.193915112,-0.927419817,0.093052999,1.652205151,0.962973297,-1.239260858,0.947830565,0.504812607,-1.565450512,-1.201634091,-0.007501526,-0.083052707,0.293843396
1.06024995,-0.495148856,-0.534295167,0.441058355,1.393224561,-0.946939495,-1.711023783,2.342480431,1.643006459,1.197701634,-0.574099712,1.395019676,1.702104971,0.493459784,-0.06959943,-0.170523449
-0.318858764,-1.250902676,0.209168552,-1.199755058,-0.428384513,0.622613502,1.632882428,-0.800422067,2.471325745,0.682376035,0.965736124,-0.455021963,1.879380083,-0.217054848,1.958765983,-0.294948069
-0.847800027,-0.392012605,-0.708470956,-0.090244849,-0.575369885,0.239376916,1.564245976,0.289532928,-0.996803617,1.285301202,-0.565867065,1.388034668,-0.875184982,1.116513485,-0.643740214,0.972176702
1.304308545,0.474727546,0.088645443,-0.599243694,-0.715352554,0.904230983,2.128168157,-1.011911436,-1.804682485,0.942152965,-0.521418831,1.535184594,-1.291836977,-0.717474527,-0.648169418,1.073098513
-0.270190183,0.79975204,-0.346831682,-0.312472409,-0.241770385,0.230499532,2.005445031,0.021116858,-0.620151815,1.14049774,-0.512697478,-0.026965213,-1.026051493,0.87422783,-0.091873945,-2.361237394
0.010929627,0.533075443,-0.678435548,0.230674725,-0.290179238,0.370858714,1.33436827,1.105493663,-0.732001256,-1.324338099,-0.008677247,0.735684833,-0.266997141,-1.823959482,-0.656491266,1.096408321
-1.989568102,-1.945948178,2.18336894,-0.884314837,-0.88054727,0.177541194,2.294910053,0.076595154,-0.821107537,0.073481636,-0.627545673,1.533206323,0.054436633,1.000805095,-0.662334959,0.913444029
0.72089624,-1.22080976,1.528647043,-1.490689646,0.855135634,2.16302732,1.667858016,-0.710819201,-0.225256042,-1.040764031,-0.587133785,1.437977017,0.828627693,0.876985573,-0.011230007,-0.73134359
0.164937627,1.051463683,-0.670624923,0.387213399,1.29166811,-1.379820922,1.5549828,1.478857508,0.889419407,-0.220476158,-0.50122104,1.465074378,0.496159854,0.319477011,0.548876733,0.040540613
-0.02889973,-0.312367268,-0.242144328,0.435187856,-0.768055871,0.713060173,1.553293939,0.916751087,-1.97791604,-0.091617861,-0.573459377,1.394209659,-1.539922622,0.329719807,-0.628970485,0.962952714
1.527734502,-0.493808896,0.57924894,-0.139717716,0.163866468,-0.068033711,0.632499394,2.042548616,-0.952150688,1.017368149,-0.499130884,-0.07409629,-0.984054329,-0.712831201,-0.662144618,1.092891821
0.232893462,0.455032454,-0.680177746,1.591807877,-0.400470611,1.058837883,1.447832118,0.689897529,-0.496859606,1.208874734,-0.588406539,1.486452127,-0.425865097,-1.698319587,-0.517102578,-0.755370539
-0.65029879,1.131666334,-1.735208797,1.930648434,0.386572388,-0.963714222,1.729080856,3.747765909,-1.190992014,-0.683368278,-0.565542031,-0.009243893,-1.273913848,-0.540234358,-0.649775858,-0.713240356
0.196061854,-0.894305126,-0.194263941,-0.32596032,7.28754581013729e-05,-0.932112881,1.161574598,1.089984283,-0.01681878,0.309331341,-0.511804074,-0.027974288,-0.545452793,1.490879894,0.421976184,-0.243014021
0.317161898,-1.140697143,-0.081950527,-1.198820913,0.349365001,-1.140707572,1.260014007,2.580313204,-1.021688846,1.433605985,-0.537656751,-0.158573113,-0.88946904,0.209475469,-0.669664775,1.015067903
-1.007127076,0.293887888,-0.256497776,0.224048836,-0.784447423,-1.988482205,0.038994073,1.487334614,3.435393659,-2.327007423,1.857652682,-0.069295021,2.156481227,0.428232575,-0.619717465,0.959318423
-0.101276131,0.51972482,-1.6224681,1.163928755,-0.459268756,0.101852457,1.677641204,1.261064215,-0.902485332,0.32638733,-0.58062111,-0.010438666,-1.672107813,-0.499591374,-0.652092784,-0.736154124
-1.127495418,0.728860018,-0.45411992,0.279103551,-1.028938647,0.69723867,1.379383457,0.724704635,-0.781081065,1.167758849,-0.066574111,-0.080655694,-0.657691069,1.327712938,0.601899247,-0.442920467
0.395250369,0.049832528,-0.409793953,0.236159804,-0.38856564,-1.463598413,1.953162264,-1.178902753,-1.088056209,-0.044351056,-0.507205911,-0.034339046,-0.947224902,-0.449770556,-0.651520294,-0.632085141
-1.317200911,-0.161839684,-0.331104203,0.521613461,-2.028233194,1.839792493,-0.066951685,0.423666104,-0.937389128,1.345155316,-0.5744161,-0.159251824,-0.94674736,-1.262506902,-0.626659016,0.961917426
0.276417103,0.343359703,-0.138878219,-0.307653177,-0.169222231,0.193070408,0.86294465,0.640011729,-0.927202055,-2.033198645,-0.533342844,-0.154424122,-0.533907107,1.033200129,-0.124566681,-0.013649907
-0.570950041,-4.241021196,1.697296578,-1.227661383,-0.093647431,-0.145219139,-0.277940198,1.244272675,-1.137820367,1.083406604,0.006239851,-0.068824231,0.402437897,1.166617689,-0.652560068,1.092933343
0.26224308,0.381139225,-0.577887747,-0.179906354,0.067372923,0.14833571,1.55360522,-0.076446983,0.24727284,1.435946033,-0.067948267,0.624201609,0.222343967,0.206020971,-0.637932143,0.967935474
-1.486734618,-0.975755626,-0.343331083,0.224859756,-2.132411932,-0.546165808,1.469144869,0.360061562,-0.235708798,-0.158222091,0.559596173,-1.591977627,-0.077347478,1.920893387,-0.652283158,1.092407524
-1.507083981,1.280077572,-1.240232274,1.758216965,-0.795430895,0.255152874,1.249396858,-0.068251809,-1.158151199,0.975771721,0.521890263,-1.641369866,-0.916918641,-0.005289242,0.428085506,0.387404706
-1.918410623,-0.193661578,3.096204887,-1.422540368,0.345390881,-0.16582602,-0.244712417,2.127136509,-1.136055237,1.707517163,0.081027586,0.290506025,-0.318702355,3.549613759,-0.626561154,0.961875592
-0.075241499,-0.69233356,-0.424612986,0.028295839,0.054735543,-0.514784732,0.67490258,1.259930319,-1.136699154,-0.652892524,-0.50421081,1.514564144,-1.573575308,-0.157286837,-0.653033103,1.093724456
-1.135719803,0.508535292,-0.674845495,0.510505494,-1.493373974,0.060126928,1.238634439,1.031908425,-0.485746169,-0.440266487,0.412937166,-1.718450005,-0.826211154,0.167700823,-0.099865122,0.092621816
-0.905742602,1.274482091,-0.90678639,1.551916147,-0.630004351,0.303188591,1.28646513,2.055513458,0.034794058,-1.063000222,-0.537605013,-0.158527464,-0.038942984,2.131052449,-0.669686695,-0.707613573
1.045719509,-0.590917775,1.037900884,-0.937747065,0.145171174,1.208864388,1.637501254,1.370923209,-0.088180224,1.124864933,-0.576034334,1.3978292,0.358198212,0.450920627,-0.622440851,-0.762516195
0.384107262,1.214375713,0.18504986,0.146126924,0.223471762,1.263651184,1.618799973,-0.183861702,0.711239065,-0.652775235,-0.006163141,-0.067815597,0.225474827,-0.13112645,-0.078778192,-0.161966185
-0.609437046,1.16216676,-0.764946353,1.061664999,-1.331761698,0.649278326,1.128687871,1.914832613,-1.571549335,0.941689949,-0.503145344,-0.09780022,-1.484541839,-0.25528469,-0.667802366,-0.641720072
1.55963723,0.133813578,1.218838166,-1.198882617,0.961546088,-1.021610174,1.255981734,1.704043428,-0.136610273,0.086624625,-0.561902135,-0.167973668,-0.510984153,-0.224935813,-0.055374485,-2.468009626
-0.072923884,0.822279363,-0.773731787,1.30048965,0.39553983,-0.582977208,0.688729121,1.935397484,-0.7330443,0.724260896,-0.556578306,-0.168220529,-0.408027944,1.611864303,-0.65602151,-0.737633709
-1.559385194,1.288397774,-0.696933277,0.956463173,-1.339056715,1.599183545,1.62579015,-0.924173262,-0.626281142,-1.298339085,-0.563906596,1.387249484,-0.512785006,-2.134758542,-0.088924875,-0.219667974
-0.984144811,0.509056485,0.920893606,-0.694380707,-0.361352832,1.491069903,0.326138868,0.444575829,-0.015413231,1.405468288,0.445473527,-1.722951901,-0.244039388,-0.682114681,-0.655531211,0.984472893
0.72141021,0.921733605,-0.67913907,0.69585407,0.135913144,1.023695317,1.799324743,0.657836186,0.993816211,-0.576988381,0.648423967,-0.125271715,0.387810066,-1.227452895,-0.649499049,1.08322685
0.311189661,-0.784897332,0.707723717,-1.312989176,1.392039791,-1.453341429,1.283296891,2.91290859,1.435787436,-0.659297195,-0.543274878,-0.162934786,0.490576275,-0.277762747,-0.666837341,-0.71699634
1.190655679,1.022782288,0.033091078,0.029797579,0.579489529,-0.253439221,1.109999945,1.492019425,-0.998465748,1.091097803,0.495338017,-1.589098762,-1.129328177,0.143598142,-0.651537488,1.090727212
0.613575822,-0.313813076,-0.669764864,1.131087073,-1.089818234,0.870093844,1.511348324,1.205337803,-0.709088164,0.742156278,-0.000356096,-0.201108788,-0.920949084,0.962442989,-0.671372162,1.023123621
0.836294026,-0.328388363,-0.398047759,0.840541252,0.406053366,-1.140293166,1.577165451,-0.115679957,-0.447849086,-0.547294882,-0.577577275,-0.154170674,-0.8064991,1.188179797,-0.617998307,0.958781617
1.186056307,-0.215184386,-1.029941518,1.141686399,1.749276816,-1.32982402,1.706985082,0.938083223,0.002145596,1.068698884,-0.498931916,1.487039232,-1.055602574,-0.42886596,-0.102621531,-2.350752505
0.900181937,-0.085358713,0.533885803,-0.423962479,0.192236902,-0.042466841,1.043817606,0.841856401,0.038228565,0.257916295,0.467050544,-0.701999012,0.289119268,-1.462443506,-0.621507929,0.959920542
0.776994891,-0.867717287,2.808093168,-1.242534836,-0.60060669,1.164581494,1.314339743,0.27767489,0.600270269,2.04062623,0.68319716,-0.635210274,-0.442172604,-1.28448662,0.51567331,-2.389939082
0.050690651,0.11676785,-0.102980802,-0.274741094,-1.021496093,-0.552292375,1.102309927,1.598615362,-1.234574901,-0.452044125,-0.089308299,-1.70118429,-1.022263473,-1.66156863,-0.606489729,-0.76665434
-0.100520158,-0.466153732,0.019543253,-1.969915817,-0.153033345,0.090868112,0.280736978,0.747597944,-0.33897171,1.963656144,-0.062239068,0.653205645,-0.238377768,0.702920178,-0.02306775,0.679463072
1.025557428,0.488660346,-0.420815771,0.791720612,0.40561647,0.591021946,1.327272506,0.422109825,0.300928594,-0.201172281,-0.028196339,-1.716712449,0.639900039,0.529726345,-0.632033292,0.964472049
1.480650652,-0.015652085,0.405503491,-0.581678664,-0.397847253,0.445886734,1.843036165,0.087203535,-0.264191781,-0.632161537,-0.014208091,-1.578876746,-1.144929227,-0.295339682,-0.12343393,-0.625185859
-0.113016605,-0.102325676,-0.628027067,0.800204142,0.089266014,-0.291252359,1.653042507,0.536855069,0.191373403,0.285564749,-0.583092967,-0.139513517,0.391247353,-1.029142875,-0.061005198,-0.17845852
-0.214751813,0.035078658,-0.779842622,1.494044968,0.322396001,-0.165430523,1.522057861,2.011771975,0.058007062,-0.67962223,-0.072673288,-0.13609981,0.416787746,0.183535463,-0.592527374,-0.768102842
-0.668179375,0.989757866,-1.401257924,1.637492241,-1.845403249,2.187880832,1.03578869,-0.099900108,-1.220083378,-0.544373118,-0.502939325,-0.043288157,-1.492768611,1.02086419,-0.032649127,-2.35069637
-2.480086809,-1.678805164,1.470292497,-1.102422666,-0.355138818,1.107353699,1.121487123,-0.302773557,-1.301619294,0.487735713,-0.547517067,-0.010184124,-1.211089865,1.940602197,-0.066356887,-0.16004887
-0.54089325,0.346523029,0.005316858,0.117879845,-0.668985071,-0.615188479,0.52802664,1.390650018,-0.563639462,-0.723370585,2.324061127,-0.005156041,0.179625509,-2.231715484,2.88296499,-0.291139036
-0.001225029,1.673370481,-0.472828397,0.302665509,-1.219309206,0.327954292,1.190491569,0.383860893,2.998234449,-1.510086166,0.019426304,0.772190251,2.508177355,-1.201115143,1.060509706,0.379867257
0.071029243,0.727021101,-0.99137917,1.167500872,-0.06768469,-0.28374217,1.493903432,0.593315916,0.027241428,-0.348016423,-0.505090211,-0.104410573,0.109301315,-1.257869885,-0.669158424,1.076522591
0.25117548,1.091880845,-0.548810769,1.109422834,0.707121154,-1.442408724,0.636055402,1.743108427,1.708790734,0.767484492,1.972635873,-0.309690589,0.669297256,-0.53590967,1.593107024,-0.59349611
0.590528975,-0.466646019,-0.446129568,-1.178305359,0.113527594,0.647948976,0.530041848,1.847891108,0.420356229,0.267383569,-0.061164865,-0.107919696,0.235719044,3.169489422,0.009403316,0.20600148
0.140317749,-0.243639708,-0.386627919,1.170195796,-0.311995667,-0.55858924,0.720636783,-0.340052727,-1.263921106,0.011620053,0.448098096,0.166785489,-1.303238429,-1.000857508,0.445362844,-0.432427366
1.195449034,-0.170509263,0.480047621,0.030190785,0.61588585,-0.807779566,-0.318993587,2.41138505,0.036334046,0.454924697,-0.579871252,-0.149227173,-0.69811234,0.292277856,-0.610435115,0.956859724
-0.753155266,0.83520294,1.526496777,-1.213703056,1.123890773,0.269350286,0.763013646,0.284313181,0.341914689,0.38707148,-0.513075004,-0.026556217,1.152766993,0.545576795,-0.091779701,0.406025834
-0.383762343,-1.744627095,0.370206491,-0.807330468,-0.167511971,-0.640752539,0.636965791,0.884952627,0.300175434,1.125046798,-0.000826755,-1.568277253,1.870827702,-1.119851704,0.424440829,0.589425351
-0.758954142,1.046164731,-1.73226986,1.791487353,0.738475879,0.79132123,1.973827468,1.166253001,1.844387997,-0.096470144,-0.574541742,1.544914658,0.784781076,0.427244002,-0.651086874,0.995897945
-0.242552708,0.562075128,0.099450112,0.010185538,-0.537169067,0.202737089,1.876053199,1.489882974,0.196459816,-0.245639779,0.022663705,-0.094465121,1.168193918,-0.85622078,-0.065099423,0.727703621
-1.133950476,-0.82407597,-0.724630965,-4.900506726,-0.128085064,-1.0505878,1.331440923,2.812744771,-1.391189463,1.081565517,-0.583306464,-0.138705492,-0.904304291,-1.696439275,-0.595905078,-0.767907436
-0.065816152,1.149167656,-0.219678978,0.515300675,0.180577203,-0.508231561,0.886159028,3.103471416,-0.583251341,0.797757895,-0.572768215,-0.16129702,-0.19630065,0.537775715,-0.630564872,-0.759046789
0.087128653,-1.419233032,0.574928324,-1.384334011,-0.811298745,0.126919115,1.202940927,1.072910265,0.391653031,-1.801963525,1.079705902,0.092671153,0.023718788,1.230170449,-0.00700941,0.648636303
0.823988163,1.149747722,1.694204595,-1.106479161,0.109226475,0.078920249,-0.117245976,2.471778426,-0.484668301,1.285331746,-0.540512862,1.543190121,0.300267948,-0.31395215,-0.647575273,1.046487429
-0.709356674,0.942029829,-1.120938195,1.115464788,-1.337128038,1.272592312,1.33474808,-0.014622742,0.206289898,-0.794796651,-0.502723299,1.510805372,-0.427572191,-0.758182925,-0.654038968,-0.627753615
-1.154248255,-0.164994806,0.34027004,-0.602171808,-0.722429536,0.365508483,0.629518102,0.857007181,0.723037582,-1.252494423,1.098285072,0.271371383,-0.597184334,0.196342085,1.945262952,-1.730812749
1.247757944,-0.074428583,-0.388899469,1.205843721,-1.155891582,0.029867156,0.89552696,1.037224195,-1.098509702,1.1261781,2.026152295,-0.530631931,-0.86460864,-2.443350028,1.00765775,-0.767518545
0.012500693,-1.057855385,1.528071578,-1.062456784,0.313092269,1.710350073,0.581005774,1.094830379,0.647756375,1.3377391,0.009243064,0.934494087,-0.335403017,-0.140564219,-0.120145745,0.261768997
-0.586677131,1.396763784,-0.507635755,0.70730518,1.001504431,-0.698379887,1.519148307,-0.145445276,0.299434065,0.978640622,-0.032909514,-0.111199983,0.035387792,-0.32849399,-0.527213758,0.964257197
-0.717461523,0.270291735,-0.723224536,0.894242691,0.036991883,-0.154826488,1.4224634,0.325366238,-0.282491522,-0.085275867,-0.071516468,-0.145904024,-0.001878285,-1.712100386,-0.630564872,-0.759046789
-1.189269393,1.632745001,-0.403170222,1.134167747,-0.529068745,0.376691746,1.344021631,0.183980301,-0.265578803,0.043226431,0.919805172,-0.913446091,0.225013561,0.028474334,-0.592527374,0.954665717
0.790367158,0.84084463,-0.118012273,0.430792104,3.092703009,-2.125617605,1.268000382,2.196404982,2.510719773,-1.474678134,-0.553588345,1.386982733,2.260564077,-1.512125515,0.434324001,0.154305343
-0.744331547,0.68374535,-0.271894663,0.142812292,-0.926736246,-0.026179257,0.990219247,2.457044592,-1.100593027,0.616959026,0.976516265,-1.646531722,-0.993704412,1.696044403,-0.541593465,0.96041879
0.185423732,0.2469869,-0.14442556,0.870715156,0.696953902,-2.019166176,1.133221402,1.636504768,-0.511657458,1.414576414,-0.584766651,1.422334689,0.488273085,0.812210756,-0.587789815,-0.768227652
1.227036998,-0.670674838,-0.162991574,0.816386407,1.452905214,-0.569169711,1.390746032,0.62308317,1.25569196,-0.978850986,-0.076471269,-0.038348116,1.686617687,-0.27191645,-0.502879371,0.972366649
0.043955804,-0.338008108,-1.474708464,0.905628323,-1.009843235,0.400324814,2.576686277,1.445147499,-0.268085959,0.548118214,-0.131317746,-1.581386146,-0.52617513,-0.153878313,-0.666339301,0.889553141
1.433587526,-0.371899166,0.379266342,-1.726665064,0.341456972,-0.14305693,1.505028865,2.373904176,-0.135820919,-1.038219756,-0.588508173,-0.096123626,0.151700284,-1.052101085,-0.546180832,-0.763403984
0.054809693,0.220969798,0.057991504,0.14683854,-0.868590456,-0.070790225,1.712637652,-1.296678167,-1.102421291,-0.314251926,-0.582402715,1.412733772,-0.981746744,-0.544464605,-0.600228248,0.955250013
0.38097808,-1.057514281,0.244539563,-0.17016012,-0.742659771,0.588778503,0.907743221,0.790771856,1.150893593,-0.685975682,-0.088523537,-1.582001042,0.599310949,-0.106518418,-0.05937601,-0.2951451
-1.952649057,0.079718422,2.489817774,-1.654807315,-0.112896565,0.717291315,1.234787275,2.240702018,1.415516477,-1.00609393,3.058124558,-0.50155676,-0.209531547,-0.404123307,2.006644392,-1.402232428
0.239287817,-0.809346996,0.45722442,0.06182278,0.565569218,0.388825742,-0.353971695,1.367799067,1.095971885,0.327260834,-0.561127929,-0.168110367,1.435939518,-0.8240088,-0.65062186,0.978605788
-0.657922906,0.125333506,-0.579864247,-1.510439082,-1.315170818,1.003669483,1.478496158,0.642805116,-1.064159978,0.135814535,-0.566601369,1.388402291,-1.047676221,0.785602358,-0.642537146,0.971220316
-0.991691177,-0.592763972,1.246508994,-0.862995256,-0.301183096,0.456048387,0.073691107,1.378178736,0.345691241,-0.519587873,0.948703467,0.091582017,-0.049564045,1.122889923,2.451615645,-1.014338773
-1.098273688,-2.233547648,1.636660426,-1.142219877,1.78375163,-0.12833781,-2.391956792,1.681363401,0.148265527,-0.495410173,0.958075085,-0.776212551,0.686752818,0.791143338,2.768941474,0.085151399
-0.978417248,-0.811064761,0.016836065,-0.137945077,-0.294931009,0.915584645,1.257313294,0.816742854,1.030972256,-1.382821577,-0.520767392,1.4165647,0.777875595,-0.251779072,2.505213954,-1.089436599
0.869895238,0.410431758,0.211594758,-0.759732521,0.248876865,-0.077320464,1.383300149,0.704436121,2.160363033,-0.942961357,-0.585819846,1.428136613,0.496644328,0.293926262,1.650686256,-0.802568365
-1.336564895,0.078792481,-0.40664725,1.113051577,-0.526260737,-0.484950885,1.278150977,0.984039953,-0.490456159,-0.421394244,-0.578733739,1.402855793,-0.70289116,1.058427644,-0.614347227,0.957768143
0.965037224,0.422871396,-0.16739151,-0.536853284,-0.949804762,-0.064462468,2.202355441,-0.568143381,-0.548373305,0.520963686,-0.534950753,-0.013058604,-0.039449669,-0.909665536,-0.647476853,-0.66833409
0.526061555,-0.785308218,-0.540943427,-4.89049365,0.575473735,-0.505195405,1.454960558,0.754868215,-1.258943382,0.08458531,0.948010501,-0.437494462,-0.872079097,-0.461554206,-0.044703742,0.684824344
1.223300895,-0.448734855,-0.635201628,-0.048969722,2.58110272,-1.558150044,1.686354206,2.019046199,0.191772027,0.080025532,-0.639299852,-0.025498545,0.483847571,-0.911822048,-0.665438115,-0.827970866
0.637727116,-0.136950773,-0.985642385,0.79748528,-0.057214878,0.911351756,1.549509465,0.474836607,0.584032501,0.63235745,-0.029247413,-1.574577427,0.358832366,0.957451344,0.467440534,0.061032787
-0.237597037,-0.354740231,0.338718887,-0.346682878,-0.701140026,1.115120131,-0.171729613,1.190098043,2.433352742,-2.381496944,5.810829102,-0.21617783,1.229050746,0.532345556,1.621859832,-0.404533341
0.744020911,1.121351481,0.189782253,-0.04057418,0.936475448,0.701856622,0.820708343,2.013603641,1.530830074,-0.867432289,-0.024651262,-1.702618609,1.064094933,-0.241528419,-0.608540595,0.95648124
0.739742792,0.249051972,-0.626748569,0.776988881,-0.792143578,-0.066582075,1.463485202,3.105326878,-0.21114775,-1.526459168,-0.042973331,0.609848182,-0.26266009,-0.787564024,0.567305569,-1.37279244
0.160324754,1.51106138,-0.04016286,0.823440746,-0.359739477,-1.319293986,1.438179064,2.361647249,-0.408573168,-1.3479779,-0.574099712,-0.159672886,-0.788913401,-1.443125243,-0.62743743,-0.760512682
0.341936603,-0.414660481,-0.17033772,-0.354303025,0.137656395,0.251420703,0.817403075,0.671042726,0.550714344,1.530498295,0.459280792,-0.162899759,0.944756063,-0.558503234,-0.08529204,0.117271178
1.001363969,-0.471191932,0.428187997,-0.329970851,0.143939184,-0.061646747,1.404967343,0.583412168,0.919342215,0.005354697,-0.512365991,1.431861661,-0.236076015,1.155835533,0.421235839,-1.204384733
3.116573235,-0.546009668,1.813470292,-1.215438715,2.760267468,-0.19576936,0.270053633,1.466741809,0.842168596,1.810089331,1.958245974,0.248101246,1.612975294,0.428976094,-0.657242362,1.096431311
-0.660503782,-0.824668551,1.396456327,-1.104024319,2.480284829,-2.139375124,-1.958208508,2.830934958,0.601987037,0.239596129,1.113681221,-0.834817507,0.181640233,0.276151435,1.024887362,-2.368008844
-0.750696454,-0.294507901,-0.308397381,-0.065367203,0.20691967,-1.307184764,0.795800444,2.519249314,-0.471503563,1.335611292,-0.542805325,-0.162615813,-0.460594716,1.79036159,-0.667108736,-0.716231746
0.629978377,-2.056412845,-0.772348463,0.252286172,0.030657559,0.409341805,1.292518771,1.673215724,0.290185077,-0.638612837,0.419892918,0.036975732,-0.523525707,0.595975981,-0.649489671,1.012852894
0.902538635,-0.456877537,0.058835469,-1.304687895,0.640286032,-1.15366501,1.206553985,0.180006463,-1.020962437,0.217375836,-0.5811666,1.408894435,-0.365679765,0.761460761,0.487851476,0.202242942
0.392753512,0.994578791,-0.228029125,0.398438453,-0.036691955,-0.191155972,1.492933108,1.457251344,-0.352285161,1.373985144,-0.512675413,-0.123480999,1.819832679,-0.368816832,-0.672203148,1.060554848
0.155745473,0.266112426,-1.235152948,1.139619822,0.466404371,-0.79957919,1.287517341,1.930714786,0.565543247,0.272951611,-0.537292039,-0.012341995,0.408654149,-0.089647968,-0.647496151,1.051104798
-2.065641079,-1.36991035,1.742013143,-1.417580137,-1.669513139,0.661886679,0.611633472,1.862892444,-2.058260585,0.871742301,0.500193197,0.002016548,-2.058935669,0.20636779,-0.072788994,0.648688636
0.13752141,2.306192704,-2.087245537,2.221121435,0.491126299,-0.090868424,1.554389794,-0.057589969,-1.298696883,1.092696092,-0.658658169,1.521771963,-1.465460107,-0.840277741,-0.670913845,0.863880055
0.350444213,-0.499045234,0.013978342,-0.178647714,-0.27597218,1.118219651,0.663856027,1.288539649,1.043366193,1.17404384,-0.009093622,-1.605619307,1.717013595,0.8409401,-0.086487275,0.395737743
2.038500831,-0.897902386,0.550754351,-0.957193923,0.095745727,1.812037093,1.426443645,0.503039163,0.862528168,-1.494856027,-0.548900507,1.388606404,0.761523312,-0.204578093,-0.663044021,0.996794157
-0.309305218,-0.328750949,-0.792238745,0.323146357,-1.66831937,0.239330199,0.86096981,1.031612613,-1.068856409,1.508179704,-0.677886859,1.513535368,-1.451964091,-0.633121778,-0.676747738,0.832947861
1.975202117,1.143463781,0.099794599,0.30573398,1.891903781,0.845971063,-0.529606748,1.084509072,-0.34858325,-0.893257497,0.315257313,-0.608159644,-0.617079765,-1.226080609,-0.718996185,0.63917225
2.430208205,-1.142922588,1.433708555,-1.040412313,1.266339655,-0.644168997,2.598409412,0.686253693,3.339931206,-2.728372288,12.60543851,-0.123228795,1.689766281,0.102113649,3.782825188,-0.331518747
-2.190744227,-0.992959181,1.189623927,-0.774600373,-0.115303934,-0.455925617,0.992681171,1.182270973,0.911220674,-0.174711438,0.686635041,-0.85453429,1.4944522,-0.283027444,3.035873293,-0.938509933
0.448184342,-0.859797657,0.001253351,-1.243749369,-0.141576909,1.714468991,-0.239036684,1.83324397,0.338781484,0.17820658,-0.524686037,1.410762778,-0.234536926,-1.318265357,-0.137031162,-2.407785668
0.445950637,1.871200975,-1.688088572,1.519901186,-1.12555053,-0.699416101,1.903583817,1.256972601,-1.788943372,0.201604572,-0.285777834,-0.119026727,-1.485613285,0.956697433,-0.727829898,0.602424658
-1.108601745,-1.396977516,1.541102624,-0.648575265,0.676035558,0.360776424,1.212240275,1.189661697,1.105194693,-0.176421631,0.817103086,-1.650411657,0.42033833,0.717915508,-0.118712596,0.163583034
0.279446058,1.093893426,-1.014104669,0.951524965,0.448807416,0.300285401,2.033592646,-1.266684123,0.769729605,-0.318566929,-0.001938252,0.020838491,0.910054534,0.341941164,0.439664529,-0.628136236
-0.456309391,1.372056499,1.899516613,-0.701905099,1.719389976,-1.639859084,2.256934337,0.162671928,0.893748946,-0.354471552,0.899534055,-0.313141948,1.219815,-0.265050714,1.693589593,-1.011514949
-0.111422546,0.443304704,-1.017956559,0.74102073,-1.29606998,0.097926214,1.48146836,1.835545039,-0.588068638,-0.197478299,-0.500851472,-0.05029226,-0.778978552,-1.570011499,0.483144941,-0.332414752
-0.918682097,0.823408867,-0.958759792,0.914334411,-0.28104318,-2.278063382,0.493399517,2.249846677,-1.717907605,0.425041132,0.208568897,0.043824365,-1.814744949,0.464618199,-0.655050498,-0.6269103
-0.628990945,0.265193185,-0.718717922,0.714753884,-0.998861053,-0.682415931,0.909349945,1.398754382,0.594927724,2.458248203,-0.075999161,-0.062049569,0.315639078,0.72651448,-0.495584781,0.975143693
0.307351346,0.7498942,-0.464586797,0.760402773,-0.573104824,1.15341882,1.387579335,-0.122497668,-0.138509898,-0.465077908,-0.527100186,1.407530855,-0.334972224,0.453882298,-0.67269468,1.033395645
1.993697943,0.50011926,-0.781336446,0.538895479,1.363817603,1.320307196,1.707299998,1.374745013,1.148942752,-0.618285629,-0.501899076,1.508299185,0.965451961,0.676413967,-0.060497078,0.48035025
-0.948373371,-0.015387652,-0.697529674,0.531410694,-1.026173904,0.064117521,1.495970958,0.074866587,-1.237556298,-0.538622439,-0.038979023,-1.722864208,-0.643613833,0.520622212,-0.104507367,0.312341999
-0.06151509,-0.343058661,1.318647937,-1.056820958,-0.881583079,0.643018926,1.470451275,1.205667089,0.36794629,-0.860827554,0.034875929,0.498345989,2.52163434,-2.184434285,2.917076966,-0.667450983
0.741772788,0.594828136,-0.503819366,0.602665304,0.479080163,0.667079059,1.468171,0.331451695,0.323620846,-0.514494462,-0.090301459,-1.698245659,-0.156538089,0.446575385,-0.055714649,-0.19300514
-1.260509062,-1.84860417,1.369584562,-1.003046618,0.389317883,1.733273222,2.229999871,0.207515438,0.052330397,0.026243924,-0.02253682,-1.564849441,0.308375306,-0.218357947,-0.65169343,0.990207692
1.023841492,-0.91990503,-0.070409794,-1.214548714,-0.475213118,0.887106128,1.203846588,0.912315392,0.257991279,-0.381225793,0.018960752,-0.127386315,-0.400237093,1.835753703,0.383833488,0.392901637
0.667666648,0.168724422,-0.4440614,-0.033134822,-0.368126512,-0.335101995,1.437545562,1.074034797,-0.005913006,-0.333575225,-0.80173959,1.446108883,-0.01831002,-1.383607046,-0.721177811,0.630014053
1.345352709,-1.072371099,1.216266252,-0.269911067,0.954201059,-0.166366992,-3.806760149,1.17681529,0.295472079,-1.010873311,-0.809647831,-0.113520408,-0.607569338,0.878608366,-0.073515666,-2.828643732
-0.846996472,1.528438291,-0.929171299,1.078659632,-0.099943602,2.476991122,1.897634892,-1.261964349,1.836516262,-1.540558858,-0.499236646,1.479101958,0.88118669,0.427056457,-0.662528699,1.092364062
-1.007764232,0.066934347,-0.401081114,-0.213409193,-0.974598353,0.486052524,-0.285681532,0.416925266,1.105242617,-0.135686973,0.457673626,-1.565306762,0.093889722,0.244475831,-0.647767636,-0.68252978
2.077972489,0.332104748,1.200570494,-0.924985201,1.017229967,0.182624845,1.388224476,0.353745265,0.555187806,-1.093628079,0.028041749,0.001130822,0.387647707,-0.918047146,1.025859275,-0.640422852
0.080015754,1.23413978,-0.638216705,1.232118127,-0.240348044,0.551791727,1.509509032,0.13392798,1.257233726,-0.066334363,1.100466971,-1.706870949,1.227470006,0.627604122,1.559514303,-0.13800811
-1.205649459,-0.029916901,1.605212197,-1.54488659,0.204050876,-0.410461008,-1.45554035,1.113715945,-0.31620987,0.168716817,1.605687716,-0.057518476,-0.110415396,0.43115954,-0.650391037,1.002857819
-0.125371114,1.146536795,-1.200530633,1.208624814,0.439021875,-1.73379466,0.950940361,1.423712573,-0.143344609,-0.516843575,-0.499051727,-0.063286321,-0.195572147,0.018045415,-0.659295379,-0.627080509
-0.024757402,1.030758159,-1.305790743,1.694491527,0.871847371,0.75363653,1.751204425,0.424863189,-0.341098165,0.229335356,0.012142683,-1.616623689,-0.115651164,-0.011203652,-0.089471677,0.207875988
0.73136874,0.52749568,-0.729534275,0.467878875,1.082951413,-0.519848701,1.200528007,2.562445322,1.572633767,-0.715014082,-0.568872297,1.545317505,0.44164321,-0.348611874,-0.103553344,-2.441035816
0.864484321,-0.416444285,1.736515183,-1.117104648,-0.103592471,-0.534526234,0.756979751,1.402461271,0.74896643,0.067505848,0.003743519,-1.588496769,1.56344365,0.624382456,1.891319722,-0.085830435
0.133617202,0.998560994,0.081376884,0.265079537,-0.553396059,0.743213561,0.925454706,0.63650083,0.348911174,-1.216180882,-0.566235115,1.388213702,-0.49565457,0.208278695,-0.107180272,0.282588456
3.135136812,1.013096757,1.528633809,-1.463338858,-0.222706803,0.818297123,2.061320828,0.010879161,0.457291564,0.950909651,-0.534858856,1.541603874,1.087879629,-1.405365388,0.468199205,-0.093947705
-0.225660241,0.288378068,-0.652105521,-0.125897226,-1.083066803,1.184241009,2.849978056,-0.793245727,-0.287136609,1.991183087,-0.818357816,1.435665835,-0.887307035,0.552298505,0.3878461,-0.514404614
-0.22405794,0.02535692,0.315590834,-0.722673328,0.113995766,0.359240494,2.257026193,0.962173318,1.92743339,-0.214983396,0.442599183,-0.082099084,1.012986001,-1.016986079,-0.661074936,-0.801449116
0.029369815,-0.942426715,1.896580879,-1.00782307,0.130913902,-0.654105505,1.365042067,0.727344195,0.167992658,-0.229179035,2.108005688,-0.691262149,-0.004001401,0.854610402,2.497788205,-0.313199266
0.37720228,1.237860235,-0.413464627,0.238511017,0.282671417,0.188121081,2.064880102,-0.999894064,-0.154432945,-0.338126313,-0.513129399,-0.026498102,-0.269077692,-0.687602626,-0.649604376,1.083769458
1.457865516,0.13974856,-1.069259886,0.778432102,1.952568465,-0.268073399,0.327985487,3.535763467,-0.139388383,1.517261711,0.531031451,-0.013333249,-0.071294003,-2.000435777,-0.647478263,1.055598035
0.184641535,0.610888108,1.489140013,-1.211960533,-0.703275822,0.603361958,2.004436964,0.20381399,1.339102851,-2.35975466,0.043704304,1.176082144,1.457378021,-0.875467174,-0.011820292,0.366277545
-1.51019364,-0.722700187,0.044074831,-0.620840785,-1.390140528,1.790518927,1.447427909,0.78575861,1.245208333,0.596247372,-0.507533263,-0.033804207,0.60005155,-0.560690656,1.022130281,-0.386332109
-0.127628285,-0.582220369,-0.616782377,0.770453468,0.357641689,0.600146311,1.253574838,0.444469354,0.723986037,-0.229401123,-0.023867426,0.649552376,-0.17115502,1.209477328,-0.640520485,0.96971181
0.334948178,-0.015738219,-1.165554227,0.976073483,-0.894558562,-0.361119145,2.043812042,1.068819785,0.289548678,1.132586177,-0.008736246,0.478517142,-0.632003344,0.287736435,-0.647603879,1.045329554
0.868232757,-0.53876075,0.790946215,-0.600773931,-1.059333039,0.856387604,1.377773653,-0.13135431,-0.349947007,1.446337685,-0.01599594,-1.722945662,-0.205255277,0.011487547,-0.652175242,-0.742442632
0.304577286,1.264025343,-2.374809304,2.325115167,0.705608678,-1.786865854,2.106814527,2.387119476,-1.438599312,1.166135431,-0.80173959,1.446108883,-1.100099695,1.229510885,-0.721177811,0.630014053
1.596978443,-0.677361837,2.524937386,-1.119730411,1.597275762,1.983603969,1.350962917,0.195108336,3.721093536,-0.927293474,2.160486998,-1.1756491,1.985960972,0.100028535,4.206194331,-0.511257407
-1.108178932,0.783370237,-1.028176077,1.243733867,-1.017164263,-0.40405966,0.192096515,1.628263642,-1.255430206,-1.389702763,-0.010164525,-0.057326594,-1.186623428,-1.541514872,-0.671870769,1.063087293
1.953273663,-0.031164923,-0.053278182,-0.147142974,0.714150097,-1.280342302,0.235714186,2.78338488,-0.784153534,2.363506683,-0.557829674,1.386390336,-0.385876853,3.385330814,-0.060420807,0.571162404
-1.364290249,-1.462209276,2.775062062,-1.611744299,0.035186902,0.377241247,0.980516144,1.196992055,-0.656357172,-0.48937113,0.020769425,0.834511503,-0.188389269,0.665473378,1.521088646,-0.54539185
0.841586848,-0.606516217,-0.256124236,0.495110296,1.557894567,-1.065413957,-0.185355742,2.154405701,1.547157483,1.333414706,0.499709062,0.610498332,2.409441666,-0.214780438,5.110135007,-0.114718406
-1.176046465,2.036945845,-0.907796153,1.45427595,-1.655981726,-1.257075935,1.56476121,1.498884,-0.263888537,0.091955982,-0.514667325,-0.127484184,0.764146915,0.550989754,-0.136657746,-0.06147235
0.571881119,0.259006974,-0.861726184,0.912009394,-0.013081107,-0.94249691,1.716091878,-1.291951065,-0.624227538,-1.148912304,-0.530414179,1.40348546,-0.809245985,-0.329201021,-0.036372676,-0.518555192
0.584380978,-0.23277375,0.889509124,-0.762760768,-0.245062989,-0.146510637,1.004771283,1.976547032,-0.184901497,0.997770165,0.019811926,-1.601085938,-0.402530479,0.005168853,-0.118753817,-0.574938715
1.683845352,-3.190474974,3.196665187,-1.483836493,0.656696078,0.765547393,0.549694802,0.778866688,-0.172645828,0.340689092,-0.501899076,-0.046393376,-0.490556068,0.35542924,-0.654715816,-0.627143823
-1.619090973,-0.021711632,1.439374936,-1.120668016,0.023372576,0.295672844,1.064333468,0.238038228,1.019886372,-0.345394891,0.543702859,-0.087439483,1.265590249,-0.444095195,0.435941828,0.680870225
-0.070252243,0.738694527,-0.475620544,0.721307763,0.267078104,-1.592032301,1.054262849,1.623538669,-1.152617893,1.300018228,0.469322945,-1.722312862,-0.671248082,-0.84301471,0.948511914,-0.301948834
1.848347401,-1.00986971,2.137212796,-1.192225518,0.327561906,-0.561708579,1.547741064,0.42798002,-0.098478859,-0.697066634,-0.520767392,-0.138127862,0.326071826,-1.711548857,-0.673165345,1.044966925
-0.211789737,1.91705985,-1.249253195,1.30968524,0.084366062,0.629498416,1.811129753,0.220059506,-1.073950484,0.331577038,-0.499306614,1.494863164,-1.269283784,-0.885708888,-0.658364536,1.096164521
0.816056507,0.724851323,-0.988631209,0.738700822,-0.173700302,-0.55856049,1.956152444,3.443030067,-1.464980754,0.012863329,-0.549283482,-0.009948408,-0.546695777,-0.838250307,-0.648058672,1.033729134
-0.239615665,0.062367149,-0.884858379,1.107336385,0.017846364,-1.046906184,1.558277377,2.87147899,-0.269278694,1.180411128,0.523738368,-0.682078019,-0.196773987,-0.159759849,-0.147488065,-2.39854037
-0.362440079,-0.005897596,-0.941614389,0.895568792,-0.284546209,-0.478688189,1.171966823,1.244205632,-1.475698915,0.846474748,-0.50153633,-0.091132998,-1.36826152,-0.514987482,-0.108482902,-2.36044546
-0.883293754,-1.054291035,0.061180322,-0.54250059,-0.00414713,0.46315903,-0.200858377,0.646610485,-1.562258662,-0.373940885,2.098004967,0.199286161,-1.463177704,1.007629912,1.726562824,-0.690288237
2.237226533,-0.09313271,0.295675714,-0.690421752,3.047404526,-0.51581799,1.002638631,0.052502083,1.797413057,-1.355555695,0.482294076,-0.657349285,1.686687469,-0.673400692,1.952622136,0.396086923
0.320398668,1.730765932,-2.043240846,2.105945109,0.454412197,2.336102774,2.34042672,0.011716423,-0.951852602,-0.05549612,-0.137843715,-0.04051949,-0.335000708,-1.175211641,-0.129420647,0.046468332
0.399212188,0.352138566,0.743438783,-0.721095421,1.091136261,-0.56817323,0.744248743,1.466209065,-0.130579772,1.294623544,-0.509366325,-0.031067771,0.962002428,0.053883472,0.421227682,-0.306038502
0.125259335,-0.536999487,1.272372298,-1.145803782,1.604219494,-1.933079246,0.169807163,2.477358756,1.782549018,-1.724982739,0.945790207,0.314731596,2.153309253,-0.666252522,2.119997307,-0.354797622
-0.239579215,0.269634981,0.508895524,-0.346004432,0.251311535,0.692370653,1.264058788,0.464688529,0.920498462,-1.304066689,-0.509881697,1.437399656,2.46673316,0.846420492,-0.08981013,0.751343017
1.879565475,-0.379392592,0.771500871,-0.92750295,1.777953784,0.72877972,0.273352292,0.623271267,0.271385723,0.365650617,-0.009691889,-1.583697914,-0.409508556,-0.448770094,-0.650193338,1.08641707
0.448843812,-1.270493677,0.14417562,-0.058258962,1.021695955,-0.562957882,1.402643581,0.833792524,0.867469128,-1.780692796,-0.586368282,-0.03492884,2.034094011,-0.849175814,0.587761894,-0.414524411
-0.56906511,0.844166759,-0.663222498,0.833899641,0.71022595,0.421892283,1.440384753,0.76975338,-1.297940006,1.466787966,-0.505090211,-0.104410573,-0.771057625,0.414777367,-0.669158424,-0.646245967
-0.900879318,-0.028906782,-0.997645266,0.825418222,-1.933105407,-0.020877458,1.475832782,0.226346436,-1.222804091,-0.427821907,-0.516753643,1.423317461,-0.759192512,0.541760529,-0.672924397,1.052567324
1.507205345,-1.918011971,1.269861292,-1.316395392,0.614800112,-0.495874478,1.492852868,0.805429287,0.327471017,-1.251148759,1.513063214,-0.382182166,0.355250456,1.926069401,-0.03398917,0.515612394
-0.972938702,-0.788253756,0.056869323,-0.804871751,0.848813965,0.081873713,1.043346267,1.069738331,0.477141205,0.743777756,1.009930404,-0.874349621,0.716112195,0.687388392,1.112823705,-0.106197619
2.086811979,0.33875352,0.632302247,-0.553093634,0.007805681,1.215349353,1.272722943,0.791034221,-0.057048507,-2.048530008,-0.524485166,-0.017626825,0.009631081,-0.959733402,-0.647869167,1.06897468
0.881362758,-1.227497465,0.484438199,-0.323074376,-0.277474023,1.639571062,1.623161961,-0.74008561,-1.077145123,-0.030636794,-0.563100304,-0.167688094,-0.869232187,-0.023379933,-0.64793139,-0.746889256
-0.196414103,0.0619683,0.228809371,-0.406769448,1.890095063,-0.956671041,-0.409511132,1.615582579,3.826882297,0.04968122,2.498553272,0.342844149,3.367765717,-1.694933608,5.423396697,-0.532695874
0.893618004,-1.377608652,-0.629964774,0.927593257,1.879937801,0.122379104,1.721820201,1.522059036,-0.016984336,-1.611341234,-0.507895731,1.442312561,-0.609857917,0.093110001,-0.670610781,1.070385943
-1.249083133,-0.294670451,-2.099849976,2.251171874,-1.131506063,0.369331504,1.633647268,0.951610479,-1.503991085,0.309614089,-0.630869177,-0.022579375,-1.3648771,-0.043566962,-0.663194039,0.908182338
-0.50866901,0.456146931,0.023853615,-0.569451233,0.5755466,0.159949104,1.689004329,-1.308080261,-0.935159225,-0.734879118,-0.563147927,1.387017734,-0.992143061,-0.331044724,-0.090025521,0.114430047
-0.638767717,0.00225398,-0.974043295,0.978400534,-0.23566519,0.6245017,1.343551328,-0.088065782,0.186020952,-0.261525613,-0.513341584,-0.124853907,-0.024376975,-0.560788489,-0.136394853,-2.386308306
-0.379185099,-0.525805201,-0.398670753,0.362041425,0.56554995,-0.617899742,1.371593223,2.243109759,-0.085042109,0.938993115,-0.016547796,0.405167431,0.332157858,0.463245349,-0.670724584,1.069824667
0.237665544,1.883700523,-0.584561781,0.844285926,0.06289548,-0.997425234,1.59724422,0.886170582,0.297100371,-0.907899354,-0.58417289,-0.135131656,0.461574626,-0.02276029,-0.591289535,0.954616717
1.803002782,0.571179278,2.636772158,-1.11295426,1.550333784,1.366812721,-0.565637196,2.021539748,2.038508313,-0.217465349,0.713112816,0.512589302,2.367743701,-2.16909649,0.543450334,0.260345889
-0.306451292,-0.198708821,-0.726747569,0.18624562,-0.437529178,0.073314439,1.670942761,0.590786525,-0.131400334,-0.643982502,-0.506560312,1.445927392,-0.900583619,-2.083993104,-0.66997941,-0.649506409
0.269997945,0.693846308,-1.567046016,1.299861089,1.022698176,0.388617385,-2.428931356,1.167080796,0.228519781,-0.174564909,-0.607604809,1.538998036,-0.589794431,0.011092816,-0.657515841,0.94481793
0.711007795,1.157018107,-0.576305333,1.004273785,0.741466152,-0.178965939,1.387214896,1.253836596,1.657491973,-0.959185024,-0.516413811,1.423931951,2.345116771,-0.845849193,1.071843853,0.233742733
-0.079123506,0.485942311,-0.397446942,0.586364282,0.078984483,-1.823943057,1.292323742,2.058805919,-0.020326053,0.401083389,-0.521178142,-0.138770424,0.047342119,-1.640320393,-0.673165739,1.044201659
-0.358684736,-0.149299274,-0.793062564,1.096301943,-0.39942745,-1.027700744,1.430424167,2.261859936,-0.870089092,-0.156414919,0.416989466,-0.628684757,-1.067173154,-0.850134066,-0.061566485,-0.732548286
-0.337877221,0.579955877,-1.430601132,1.691829903,-0.487151025,-0.614525222,1.581615076,3.035219828,-0.269882478,-0.045510648,-0.502089069,-0.045780726,0.314023396,0.240334029,-0.107868779,0.395403638
1.157240005,0.107131969,0.872094124,-0.996586923,1.715907731,-1.561397952,1.876459276,0.852471954,-0.123154946,-0.146215118,0.543741132,-1.57420053,0.139510529,2.231798427,0.514982155,-1.299986653
-0.57335065,0.307609039,-0.520127995,1.169497273,0.777280632,-2.080219455,1.324712137,1.531999269,0.481041005,-0.94633416,-0.588040139,1.495217759,0.51097576,1.011362433,2.158459871,-1.14659817
-0.459618844,0.795556394,0.597225309,-0.368753566,-1.641050799,0.068348042,0.242131054,1.087689439,0.33559324,0.932476096,-0.030882966,-1.675750802,0.664101697,0.548953238,-0.574120343,0.955052646
1.177207092,0.240805874,1.511817793,-0.946563653,1.140154043,-1.485350651,1.29492665,2.866350434,1.42704416,-0.746557272,-0.542805325,1.392076749,1.484391735,0.059224213,-0.667108736,1.006536813
1.030723152,-0.391149255,-1.100332337,0.61961514,1.567022106,-0.945197394,0.171760117,1.844596124,-0.117499759,1.063919142,-0.52509441,-0.017287482,1.333053348,0.782173204,-0.647821081,1.068146686
-1.586010089,0.153796644,-1.57720084,1.610170934,-1.78043826,0.882553641,1.632617891,-0.175950201,-0.621694183,0.851058512,0.514994853,-0.031312681,-0.390134744,-0.893250907,-0.647618495,1.063572723
0.935894625,-0.839926749,-0.141127809,-0.918832312,0.350367638,-0.449245179,1.581409758,0.147423789,-1.184829856,0.479674451,-0.086557793,0.436344623,-0.710385629,-0.059381661,-0.560690293,0.956639436
-0.265481213,-1.532762549,0.538018062,-0.375743933,0.040182616,-0.198082317,-0.331819297,1.545641875,-0.782455708,-0.160575948,-0.501899076,-0.046393376,0.248713492,0.82128028,0.028635733,-0.033584908
-1.19575759,0.264508876,-0.752570947,0.771633691,-1.717283149,-0.670261966,0.43005802,1.620535701,-1.751463898,1.376011513,0.495820252,-1.720163458,-1.694400847,-1.052577193,1.009501735,-1.598302298
-1.21043683,-0.517926695,1.914413711,-1.553087491,-0.57669905,0.312818648,1.994262587,0.511884353,-0.955843455,1.309367806,-0.529087766,1.539383648,0.121556646,1.255047311,0.992454064,-0.987925028
-0.342606584,-1.638409527,1.736983523,-0.524969149,1.233166849,-3.013634759,-2.322498347,2.485579106,0.717540394,-0.565286976,-0.217868193,-1.621167019,1.932999699,-0.360409603,-0.693877473,0.749627955
1.454956039,-0.45600577,-0.437906454,0.448455648,0.517294133,-0.554334751,1.732801946,-1.282032647,0.353749026,0.498780023,0.456410543,-1.672514104,0.419445519,0.987562725,-0.570345736,-0.767370051
1.53852369,-1.678498535,-0.260939352,-0.186783431,1.282658354,-0.919921299,0.474079275,1.231869241,-0.347737856,-0.839595303,-0.504406238,-0.10221603,-0.812752817,-0.559507802,-0.668722012,-0.644686825
-0.800801929,0.13381647,0.05068396,-0.218418172,-1.515842615,1.460374122,0.617233473,0.162612208,-0.083462106,0.217615113,-0.097736585,1.102074555,0.029689061,-0.59589188,0.414088025,0.308634913
0.345449459,-0.868700896,1.567979044,-1.063834905,-0.005054029,-0.411614701,1.709255013,1.382757832,-0.959217983,1.410344093,-0.523217388,-0.018368262,-0.932727347,-0.680088785,-0.647981137,1.070688796
-0.300733473,1.000549886,-1.442027104,0.992707721,-1.371576009,-0.126934846,1.74058565,1.129572627,-1.158609422,0.040733909,-0.58196004,-0.010613623,-1.730338698,-1.154015655,-0.652326277,0.98456234
-0.14227318,0.782344899,-1.354560143,0.831480451,-0.794356981,-2.512659684,-0.970208029,2.485616477,-0.431275835,-0.10476771,-0.573415075,-0.00968073,-0.943150518,2.545887095,-0.650910656,-0.725156556
2.827443896,-0.036483123,-0.571104457,0.895173415,0.701961256,-0.346545425,-1.226846422,1.644245152,1.502657982,-1.858486408,0.094447755,0.467936831,-0.119373297,-0.275328718,-0.013561183,-0.547312471
0.793466148,0.441873179,-0.378916618,1.174777207,0.150053161,1.362686274,1.677137349,-0.702884201,-0.937014362,0.564830043,-0.066580651,1.095164473,-1.049390357,-1.065506018,-0.55208127,0.958140372
1.395901787,0.007242194,-0.353890949,-0.378987818,0.478348699,0.164790559,2.01697357,0.551518488,0.209169047,-0.741168276,0.004886097,0.546381896,0.383172038,-0.389315077,-0.647654723,1.064585205
1.523530735,-1.336626806,1.891785661,-1.53281314,0.023370993,0.586096859,1.252141547,1.766541615,-1.09759622,1.628218087,-0.501537745,1.507064423,-1.089084557,0.783815673,-0.655050498,1.095858258
-0.425051756,-0.341153395,-0.047405511,-0.331428791,1.115434004,-1.619834272,0.325498047,2.297304843,0.145607597,0.262755503,-0.58760453,-0.11186234,-0.454453767,-1.011392639,-0.563527726,-0.766544584
0.684565165,-0.312841482,-1.366443232,0.947916941,0.721128474,-0.081909299,2.513711835,-1.372382335,0.065972939,1.361901868,-0.583161013,-0.01077916,-0.492754439,0.112787156,-0.65253923,-0.740049062
-0.614660419,-0.859887827,-0.343282133,-0.502793327,-0.410707624,1.633330174,2.260689366,-1.061477622,-0.068748219,0.256450501,0.295809317,-0.150393416,0.457999119,0.347362792,1.09552907,-0.082202519
0.108744443,0.218549916,-0.342450866,0.343360397,-0.536128014,-0.031387906,1.604553727,-0.032733956,-1.057947711,1.366919511,-0.586149956,1.430264255,-1.102230672,-0.712873742,-0.052456111,-0.751263807
2.617589483,0.5956307,1.174336242,-0.308700437,-0.378126184,3.246748102,1.566724933,1.273127082,-1.415369462,1.322841682,0.014916305,-1.595006332,-1.69019317,1.591003777,-0.676158807,0.835994784
-0.70851113,-1.196513599,-0.552084168,0.819687319,-0.823417063,0.626311073,1.330788956,0.607277856,0.246679208,-0.114593096,-0.58760453,1.442830221,-0.369097342,-1.004535246,-0.563527726,-0.766544584
1.384241571,-0.787275753,-0.075371427,-0.001868845,0.188036508,0.421079816,1.24775263,1.91713626,-0.70851684,-1.305315297,-0.019996129,0.754029965,-0.768119386,-0.021419019,-0.087299465,0.537270151
-1.950057566,-0.115811204,1.648596112,-1.392865301,0.126476625,0.509933475,1.642243871,0.087762268,1.163655383,-0.98613202,0.446387345,0.006039785,0.752880838,-0.723014972,-0.648665466,1.023634392
0.517868626,-0.505770704,0.606636806,-0.337999735,0.168606469,1.280996872,1.349938548,0.468755868,0.139075543,-0.105813031,-0.586737165,-0.12012675,0.4698531,0.607585249,-0.573028461,0.955144209
0.823263622,-0.913455692,0.480950103,-0.463607871,2.204914288,-1.704773705,-4.112896903,1.492756439,0.881265051,0.847595817,-0.51202106,1.432596012,0.565974862,-0.452284085,-0.67203743,1.061866488
-0.882190687,-0.243629691,0.618811518,-0.322989971,-0.122498163,-0.223479316,1.318841222,1.072712288,-0.065740066,-2.317647644,-0.544996671,1.390660666,1.073385683,0.333832666,-0.107946485,-0.161044566
-0.944973619,1.055851313,-0.626643475,1.111696066,0.490211721,-1.15270935,0.306814893,2.460915748,1.282315069,-0.684697623,-0.065820565,0.738805135,0.229543869,0.100469858,-0.499366674,0.973685459
0.63701282,0.456634276,-0.438200595,-0.995281155,0.563995936,-1.512224777,1.189832894,1.776865185,-0.501818984,0.261605259,-0.587517263,1.504416344,-0.65118926,0.756552296,0.070313996,0.455414465
0.767011797,-0.816234258,-0.036995839,0.069287182,-0.886178035,1.468050782,1.557290622,-0.22888041,-0.667763257,0.64500827,0.476696698,0.716898068,-0.74513842,0.542648754,1.060258643,-0.729262746
0.740595821,-1.44266065,0.088969424,0.179254138,-0.342311774,2.072258738,1.74657071,-1.270652775,-1.1096795,2.059529864,-0.044440218,-0.083549499,-0.448541709,1.409229832,0.54269554,-0.436202307
2.088315653,-1.42522899,0.714392048,-0.260870198,0.49668239,0.090701661,1.412175552,0.369630588,-0.058694353,0.345580422,-0.558277601,-0.168311537,0.562770853,-0.656954417,-0.65412664,0.982659587
-0.382037168,1.241061559,-0.702515425,1.52378748,-0.430456353,0.575323398,1.318154379,0.386382857,-0.662250398,0.828823156,-0.076240481,-1.604968779,-0.985472666,-0.043678009,-0.499145628,-0.748998952
0.598376872,-0.109620106,-0.734811563,1.043790212,1.791446774,0.164623565,-1.628368428,1.861206211,0.053404972,-1.003678601,-0.019766545,-0.120701048,0.824160854,-1.443912409,-0.135898015,0.227364534
-0.044154478,0.189918711,-0.294105088,-0.100383076,-1.046852125,0.417701887,1.516035493,0.352957606,-0.646361916,-1.071492793,0.953159069,-0.458111901,-0.828736706,0.186143624,2.125946466,-0.49596879
0.068437727,-0.54282605,0.093433549,0.286780413,0.159216026,-0.622308962,0.853057124,1.599230233,-1.474916597,1.940670847,1.456465925,-0.594662614,-1.339687636,-0.205832909,0.575572041,-0.187732801
-0.358387242,-0.810061549,-0.651753597,1.083272067,-0.835351663,-0.522060614,0.80154433,3.016437332,-1.444637079,1.461131178,-0.586149956,-0.124428307,-1.015139748,-0.063694112,-0.578111148,0.954778843
-0.662401314,0.478094978,-0.505980102,0.772070448,0.132580911,-1.546136471,0.563844735,2.163045765,-0.556415167,-0.565904958,-0.031967926,0.377933464,-0.556720218,0.397674385,0.531164395,-0.013881361
-0.373998316,-0.000974585,-0.468055284,0.536537237,0.841170702,-2.068065323,-0.293686579,2.747648512,-0.754000273,1.323883031,-0.07220763,-1.715175465,-0.830780935,-0.352930671,-0.628970485,0.962952714
-0.762845939,-0.689779079,0.327253763,-1.765006277,-1.62690782,0.2922482,1.146548317,1.340282202,-0.637062292,0.059225366,0.547943222,-0.200642111,-0.969721193,-1.20025956,-0.10063543,0.126898615
0.301872762,-0.698127437,0.285003039,-0.438089844,0.38793681,0.316456048,1.303954765,0.905737454,1.30944779,1.37079828,-0.070636967,-0.143553097,0.265474033,2.295087921,0.668955831,0.135556627
-0.060516002,1.093292877,-0.07370579,0.417235851,0.690315464,1.232572792,1.310643074,0.297933799,0.839068304,0.887528678,-0.584766651,1.422334689,0.264751587,1.602089084,0.078894624,0.016702401
1.472789249,0.364296168,-0.009563916,0.400466469,0.147064311,-1.12687117,1.144529047,1.025636825,-0.369373673,1.448159172,0.500119382,-0.64341102,0.700162548,0.003964704,-0.562198084,0.956413574
0.676277078,0.470601637,-1.083987348,1.396693187,-0.086722895,-0.591615873,-0.13186103,1.06471354,-0.760497307,0.574434172,-0.499051519,1.481998354,-1.250251456,-0.439906722,-0.125819767,-0.612354013
-0.507012432,1.008235346,1.229308407,-1.871425768,0.024873995,1.045867933,1.544936252,0.087351835,-0.029399366,-1.25195092,-0.586201109,-0.032993293,-0.668036241,-0.163885017,-0.482292626,-0.742199826
0.104030792,0.222734613,0.174901682,-0.363239889,-0.562713045,2.853137631,0.975028151,2.495698598,0.453604287,3.668705063,-0.058127598,0.783508606,0.430038105,0.240030555,1.766322575,-1.011993921
0.100324996,1.741352706,-1.099297903,1.136557908,0.649521977,-0.619910117,1.060511707,4.264504819,-0.405564263,0.014367107,-0.501715312,-0.047009198,-0.769070639,-0.256823682,-0.654882653,-0.627022042
0.114875663,-1.071461602,-0.213193428,-0.068373287,0.095674173,-0.65536994,0.552606596,3.341462927,0.587150647,0.107286689,-0.571353704,-0.162783371,0.018033221,-0.537447676,-0.633648302,-0.757422397
-0.151928811,1.131521505,-0.159964535,0.983832097,0.280435905,-1.194433037,0.996714711,1.925920926,-0.001975946,-0.000320629,-0.584766651,-0.132357873,-0.531148397,0.161674589,-0.587789815,-0.768227652
0.309096131,1.321338291,-0.722466073,0.910120557,-0.218439042,-0.554528707,1.767925621,-1.251168544,-1.144220077,-0.357044761,-0.58850593,1.483225184,-0.923447951,-0.827874804,0.061191325,-2.479195994
