"Condition","true_P","true_Q","Test","Statistical_Power","SE","Lower_CI","Upper_CI","N_Valid","N_Failed","Failure_Rate"
"P2_Q2",2,2,"Andersen_LR",0.123,0.0104,0.1026,0.1434,1000,0,0
"P2_Q2",2,2,"Martin_Lof",0,0,0,0,1000,0,0
"P2_Q2",2,2,"LMuo",0.007,0.0026,0.0018,0.0122,1000,0,0
"P2_Q2",2,2,"maxLM",0.171,0.0119,0.1477,0.1943,1000,0,0
"P2_Q2",2,2,"T10",0.127,0.0105,0.1064,0.1476,1000,0,0
"P2_Q2",2,2,"T11",1,0,1,1,1000,0,0
"P2_Q2",2,2,"M2",1,0,1,1,1000,0,0
"P2_Q2",2,2,"REMAXINT_P2_Q2",1,0,1,1,1000,0,0
"P2_Q2",2,2,"E_REMI_P2_Q2",1,0,1,1,1000,0,0
